Course,Predicted Enrollment
MATH 098,1340
COMM 102,572
CHEM 106,552
BUS 295,496
ACCT 200,473
AVIA 334,455
BIOL 220,447
AVIA 432,418
BUS 397,408
AVIA 100,391
IBUS 380,388
COMM 100,385
BIOL 202,383
AVIA 253,380
NURS 236,368
NURS 286,359
CIS 101,359
CHEM 104,349
PHYS 101,339
BIOL 271,339
BIOL 105,320
BIOL 106,311
PHYS 221,305
ECON 202,288
BIOL 201,281
MATH 121,271
FINA 362,271
ENG 271W,268
NURS 382,252
NURS 402,248
CHEM 201,248
AVIA 340,245
CS 498W,242
DHYG 326,232
HP 325,219
BIOL 306,214
NURS 362,211
ENG 101,205
FCS 242,203
DHYG 322,203
AVIA 437,199
MGMT 230,193
PHIL 224W,191
FINA 470,191
AVIA 101,191
PHIL 120W,186
CIS 497,184
HP 350,181
GEOG 476,174
ECON 201,169
MGMT 300,168
ELE 215,168
CHEM 202,164
SOC 101,163
BLAW 200,160
MRKT 316,159
MRKT 210,155
PHIL 240W,155
PHIL 222W,154
MGMT 472,152
PHIL 205W,149
PSYC 101,149
HP 141,147
CJ 371,143
COMM 494,141
MGMT 481,140
CM 310,138
ELE 470,137
MATH 122,136
NURS 320W,136
SOWK 441,135
MATH 354,135
AVIA 150,132
CS 495,132
CIS 499,131
COMM 400,127
GEOL 100,126
AVIA 445,122
PHIL 226W,119
FCS 140,115
CM 130,113
ELE 410,113
MGMT 346,112
CM 120,111
ECON 207,111
AVIA 364,111
HP 435,110
PSYC 325,109
EE 107,109
PSYC 201,109
ACCT 210,108
HP 290,108
DHYG 311,107
ART 495,104
ART 261,104
PSYC 410,103
PSYC 211W,102
AVIA 240,97
ELE 432,96
HLTH 210,95
BIOL 300,94
PSYC 414,93
CIS 121,93
CM 271,91
HLTH 454,91
EE 244,90
HP 363,90
ME 101,89
CIS 340,88
SOC 202,88
MGMT 380,82
CM 111,82
CIS 350,82
MGMT 340,81
ART 212,79
COMM 300,78
PHYS 222,78
ART 260,78
BIOL 100,76
MATH 113,76
CIS 360,74
CHEM 324,74
CSP 647,74
DHYG 313,73
CDIS 346,73
EE 234,73
SOWK 215,72
MATH 112,67
CDIS 308,67
EDLD 670,66
CDIS 307,65
ELE 430W,65
ELE 411,65
CJ 255,65
GEOG 340,65
CDIS 350W,65
MATH 130,64
NURS 524,63
GWS 220,63
CIS 122,62
CHEM 322,62
HLTH 460,62
CSP 652,62
MATH 202,62
HLTH 240,61
CIS 202W,61
AVIA 451,61
ME 241,61
DHYG 444W,60
AVIA 360,60
MGMT 459,60
PSYC 436,60
MATH 321,59
SOWK 450,59
AOS 488,59
CIS 224,58
ENGR 311W,58
ME 223,57
CM 330,57
CDIS 220,57
HLTH 295,57
EDLD 637,56
MATH 223,56
ANTH 240,56
MGMT 484,56
ME 201,55
KSP 235,55
HP 459,54
BIOL 371,54
COMM 421,54
ED 101,53
EE 334,53
DHYG 443,53
CIS 380,53
ENGR 301,52
PSYC 321,52
AIS 330,51
EE 450,51
PSYC 433,51
DHYG 451,50
ELE 412,50
PSYC 343,50
HIST 190,49
AVIA 450,49
PHYS 211,49
ART 245,49
ART 110,48
CIS 223,48
EE 282,48
NURS 634,48
EE 304,48
HP 462,47
BIOL 320,47
EE 477W,47
SOWK 212,46
CIS 694,46
KSP 220W,46
THEA 300,46
MATH 280,45
DHYG 441,45
PSYC 413,45
EE 105,45
ACCT 320,45
MGMT 332,45
POL 321,44
COMM 224,44
CM 300,44
ART 231,44
ME 417,44
CDIS 446,43
AVIA 251,43
AVIA 436,43
HLTH 260,43
CSP 658,43
MATH 115,43
REHB 110W,42
ACCT 330,42
PSYC 358,42
HIST 190W,42
DHYG 321,42
CM 380,42
HIST 232,41
NURS 525,41
COMM 110,41
ENG 694,41
EDLD 636,41
AIS 212,41
CIVE 201,41
NURS 635,41
CIS 699,40
PHIL 110,40
PSYC 455,40
ENG 285,40
GEOL 104,40
CDIS 477,40
COMM 437,40
EDLD 635,40
MET 142,39
CDIS 205,39
ME 329,38
PSYC 466,38
HP 313,38
CM 450,38
MGMT 492,38
GWS 225,38
CW 340,37
GEOL 121,37
ME 324,37
NURS 556,37
BIOL 330,37
CDIS 421,37
COMM 374,36
ETHN 203W,36
FINA 467,36
ETHN 201W,36
MATH 201,36
NURS 521,36
HLTH 370,35
HIST 302,35
EE 230,35
CW 242W,35
CDIS 306,35
CIS 440,35
ENGR 401,35
URBS 230,35
CIVE 350,35
COMM 105W,35
ART 103,34
AVIA 201,34
CW 341,34
PSYC 340,34
DHYG 452,34
ENG 322,33
SPED 694,33
CM 350,33
HIST 495W,33
ME 214,33
ART 100,33
IDST 496,33
EDLD 695,32
HLTH 372,32
BIOL 102,32
CDIS 322,32
PSYC 401,32
RPLS 293,32
RPLS 483,31
HP 427,31
DHYG 442,31
DHYG 453W,31
CDIS 447,31
MBA 642,31
GWS 120W,31
ME 212,31
EDLD 665,30
EE 341,30
NURS 523,30
CDIS 312,30
STAT 154,30
CSP 648,30
RPLS 376,30
CJ 322,30
CW 672,30
CW 641,30
GEOG 217,29
AIS 210W,29
DHYG 328,29
HP 260,29
EE 240,29
AIS 220W,29
ELE 222W,29
CW 342,29
NURS 641,29
ME 492,29
CIS 697,29
ELE 431,29
ART 202,29
ENGR 411W,29
RPLS 493,29
ENG 323,28
POL 231,28
ART 466,28
MBA 630,28
MBA 610,28
GEOG 103,28
DHYG 329,28
HIST 497,28
NURS 642,28
NURS 643,28
ANTH 120,28
CJ 309,28
RPLS 276,27
ETHN 150,27
BIOL 424,27
ME 336,27
DHYG 331,27
EE 231,27
THEA 302,27
CDIS 201,27
NURS 685,27
MBA 623,27
MBA 634,27
SOWK 665,27
ME 438W,27
CIS 544,27
BIOL 211,27
HP 465,26
ELE 413,26
CDIS 394,26
HLTH 482W,26
AOS 301,26
MATH 380,26
GWS 225W,26
EE 358,26
PHYS 232,26
HLTH 480,25
HIST 280,25
GWS 222,25
MBA 690,25
MRKT 324,25
HIST 268,25
ENG 635,25
ME 103,25
NURS 633,25
CM 410,25
MET 341,25
CM 210,25
NURS 607,24
HP 469,24
MBA 695,24
EDLD 682,24
CSP 110,24
SOWK 650,24
CSP 573,24
CDIS 410,24
HP 315W,24
RPLS 373,24
THEA 315,24
CIS 641,24
CM 492,24
CHEM 191,24
FCS 150,24
IBUS 448,23
DHYG 431,23
ENG 671,23
AET 465,23
DHYG 432,23
PHYS 223,23
EDLD 679,23
FREN 201,23
HLTH 361W,23
HLTH 101,23
DHYG 101,22
CHEM 466,22
AIS 211,22
AIS 101,22
MACC 660,22
ETHN 204W,22
ETHN 100,22
CJ 323,22
MBA 645,22
ACCT 300,22
ART 101,22
FCS 301,22
CS 485,22
KSP 609,22
THEA 265,22
CIS 496,22
HLTH 406,22
MRKT 312,22
FILM 402,22
RPLS 100,22
SOC 301W,22
CM 220,22
FILM 412,21
CHEM 305,21
CIVE 436,21
PSYC 219,21
CSP 653,21
CDIS 320,21
FCS 400,21
SOC 458,21
URBS 230W,21
CW 640,21
SOWK 316,21
COMM 203,20
CSP 679,20
GWS 110,20
CIVE 360,20
COMM 233,20
ACCT 220,20
COMM 306,20
COMM 221W,20
EDLD 647,20
EDLD 651,20
CIVE 402W,20
BIOL 325,20
CHEM 489,20
DHYG 332,20
CDIS 614,20
EDLD 673,20
KSP 660,20
KSP 674,20
DHYG 333,20
HP 295,20
ENG 275W,20
DHYG 100,20
MRKT 413,20
CDIS 445,20
SOWK 443,20
DANC 227,20
EDLD 646,20
MACC 680,19
RPLS 175,19
EE 303,19
EDLD 674,19
COMM 498,19
ENG 584,19
DHYG 435,19
HP 333,19
SOC 150,19
CDIS 491,19
MGMT 490,19
FINA 400,19
FCS 414W,19
MBA 681,19
ME 299,19
HP 468,19
DHYG 455,19
AET 366,19
CS 480,19
HP 201,19
POL 420,18
CS 401,18
MGMT 391,18
CW 638,18
PHIL 115W,18
HUM 281W,18
CHEM 281,18
AVIA 455,18
CDIS 420,18
BIOL 452,18
EE 333,18
PSYC 460W,18
POL 241,18
EE 353,18
ANTH 220,18
DHYG 437,18
ART 494,18
ENG 587,18
ENG 606,18
BLAW 450,18
HLTH 225,17
STAT 550,17
GEOG 401,17
EE 106,17
SOC 497,17
NURS 708,17
BIOL 476,17
ANTH 438W,17
BIOL 438,17
BIOL 442,17
DHYG 327,17
CS 308,17
EE 337,17
FINA 464,17
CIS 311,17
THEA 252,17
MRKT 420,17
ME 321,16
CSP 689,16
SOC 208,16
SOWK 455,16
HP 331,16
ELE 682,16
ELE 681,16
CS 435,16
CS 445,16
THEA 121,16
AVIA 151,16
BIOL 498,16
THEA 482,16
HP 449,16
HLTH 420W,16
EDLD 735,16
ART 468,16
MET 275,16
DHYG 439,16
DHYG 462,16
STAT 556,16
FCS 331,16
FCS 340,16
HP 450,15
HP 334,15
ENG 675,15
COMM 330W,15
THEA 426,15
THEA 410,15
ENGR 312W,15
ENGR 110,15
ELE 695,15
EDLD 751,15
COMM 425,15
EDLD 799,15
SOWK 655,15
SOWK 660,15
CSP 650,15
ENG 361,15
FCS 270,15
BIOL 443W,15
MUSC 116,15
PSYC 770,15
ETHN 101,15
POL 451,15
FCS 401,15
AET 387,15
MRKT 480,15
NURS 686,15
FINA 482,15
CW 699,15
CIVE 101,15
GWS 120,15
ENGR 302,14
STAT 354,14
EE 336,14
GEOG 445,14
FINA 460,14
FINA 466,14
FCS 284,14
ENG 625,14
ELE 694,14
ANTH 230,14
HLTH 360,14
STAT 356,14
ART 477W,14
AT 670,14
AT 674,14
KSP 694,14
AT 682,14
BIOL 479,14
AVIA 250,14
MUSC 105,14
SOC 469,14
ENG 213W,14
CDIS 392,14
CDIS 290,14
HIST 191,14
PSYC 420,14
ACCT 301,14
DANC 580,13
HP 426,13
THEA 275,13
KSP 622,13
ART 304,13
AT 624,13
AT 632,13
AT 634,13
AT 622,13
AT 616,13
CJ 310,13
ELE 446,13
CS 403,13
HIST 191W,13
ELE 467,13
HLTH 456,13
PHYS 457,13
COMM 603,13
SOC 351,13
MRKT 496,13
ENG 555,13
AT 614,13
DANC 324,13
DANC 320,13
ACCT 421,13
DANC 620,13
CW 649,13
KSP 695,13
POL 453,13
KSP 600,13
KSP 665,13
RPLS 393W,13
FILM 498,12
HP 689,12
CHEM 461,12
CW 698,12
AET 334,12
MRKT 498,12
THEA 210,12
ECON 420,12
ENG 571,12
CIVE 340,12
MUSC 341,12
DANC 590,12
NURS 688,12
CIS 631,12
COMM 419,12
NURS 671,12
KSP 630,12
MRKT 341,12
ANTH 697,12
ANTH 603,12
HLTH 497,12
MET 627,12
ENG 688,12
POL 422,12
NURS 719,12
MET 528,12
CSP 673,12
CS 470,12
AET 436,12
ME 463,12
KSP 619,12
FILM 114,12
PSYC 761,12
HLTH 311,11
THEA 638,11
THEA 530,11
PSYC 415,11
ACCT 410,11
FINA 480,11
MBA 651,11
MBA 657,11
PSYC 799,11
HP 626,11
HP 646,11
BIOL 499,11
ANTH 210,11
SOWK 603,11
CDIS 617,11
MATH 127,11
CW 343,11
MRKT 318,11
CS 440,11
ART 392,11
MATH 290,11
BIOL 406,11
FCS 100,11
CHEM 445,11
AVIA 243,11
BIOL 451,11
THEA 215,11
COMM 405,10
HLTH 407,10
COMM 499,10
HP 609,10
KSP 662,10
COMM 315,10
THEA 451,10
THEA 260,10
CDIS 689,10
CDIS 697,10
CDIS 577,10
CDIS 404,10
CDIS 613,10
CDIS 692,10
MET 698,10
CDIS 616,10
ANTH 475,10
ANTH 300,10
ELE 436,10
CDIS 401,10
ELE 456,10
SOWK 446,10
STAT 455,10
ART 302,10
POL 111,10
ENG 582,10
ART 426,10
MATH 247,10
ART 467,10
THEA 110,10
HIST 609,10
STAT 458,10
ECON 462W,10
KSP 608,10
KSP 607,10
ETHN 220W,10
POL 221,10
MRKT 415,10
BIOL 433,10
MATH 492W,10
MRKT 460,10
CHEM 465,10
HP 638,10
PSYC 737,10
BIOL 434,10
DANC 223,10
BIOL 432,10
BIOL 699,10
BIOL 411,10
NURS 682,10
NURS 684,10
MACC 640,10
ACCT 310,10
THEA 582,10
ADT 655,9
BIOL 404,9
BIOL 412,9
MUSC 117,9
POL 101,9
THEA 585,9
HLTH 408W,9
THEA 100,9
HIST 699,9
ENG 607,9
CIS 443,9
CIS 583,9
CS 410,9
ANTH 699,9
EE 601,9
HLTH 321,9
GEOL 291,9
BIOL 497,9
SOWK 611,9
MRKT 416,9
POL 424,9
CSP 672,9
CHEM 451,9
FCS 303,9
DHYG 456,9
GEOG 101,9
EET 113,9
AET 489W,9
CDIS 422,9
URBS 150,9
CJ 402,9
HP 660,9
HP 665,9
AVIA 545,9
AVIA 560,9
BIOL 380,9
MRKT 424,9
ADT 660,9
ADT 661,9
COMM 260,9
SOC 517,9
PSYC 421,9
COMM 484,8
FCS 120,8
BIOL 533,8
HP 431,8
PHYS 212,8
CHEM 360,8
FINA 462,8
HP 488,8
SPAN 403W,8
SE 300,8
SOC 699,8
SOC 603,8
MBA 614,8
NURS 709,8
CSP 683,8
SE 301,8
ANTH 331,8
ART 285,8
MET 324,8
AET 280,8
ENG 575,8
CIVE 448,8
ENG 667,8
ART 424,8
CHEM 446,8
MGMT 441,8
SE 303,8
ECON 403,8
ENG 441,8
THEA 418,8
THEA 240,8
THEA 400,8
ADT 520,8
ART 460,8
ENGR 402,8
ELE 567,8
THEA 101,8
BIOL 175,8
NURS 602,8
NURS 601,8
ISAT 302,8
ADT 615,8
ADT 525,8
COMM 650,8
ADT 620,8
SPAN 690,8
MUSC 115,8
MET 625,8
HIST 677,8
BIOL 215,8
MGMT 443,8
ADT 640,8
COMM 440,8
NPL 473,8
MET 423,7
SPAN 101,7
HP 625,7
KSP 689,7
SOC 694,7
SPAN 402,7
BIOL 474,7
FCS 488,7
MUSP 498,7
CIS 113,7
ELE 646,7
CIS 677,7
ELE 546,7
THEA 255,7
COMM 464,7
CSP 470,7
URBS 661,7
ELE 605,7
CSP 622,7
PSYC 710,7
SPAN 202,7
ENG 110,7
DANC 120W,7
MATH 170,7
SPED 605,7
HP 130,7
SOC 480,7
DHYG 445,7
MET 375,7
HP 651,7
ELE 652,7
ELE 654,7
ELE 662,7
DANC 321,7
ART 417,7
EE 486,7
EET 222,7
MUSC 343,7
CIS 690,7
BIOL 420,7
CIS 630,7
HP 439,7
PHYS 448,7
BIOL 417,7
HP 475,7
KSP 633,7
MRKT 317,7
MBA 683,7
GEOG 497,7
URBS 489,7
URBS 602,7
ART 464,7
THEA 416,7
ELE 651,7
GWS 220W,7
ELE 653,7
CIS 540,6
FCS 681,6
ME 341,6
KSP 680,6
URBS 402,6
MEDT 415,6
HP 429,6
THEA 285W,6
EE 245,6
ENG 651,6
HP 428,6
THEA 412,6
EE 697,6
HLTH 694,6
CM 340,6
ART 475,6
CJ 101,6
HIST 390,6
THEA 481,6
HLTH 320,6
HLTH 451,6
ENGR 240,6
COMM 602,6
PSYC 682,6
HP 688,6
ECON 412,6
GEOL 107,6
PSYC 103W,6
GEOG 438,6
PHYS 461,6
COMM 699,6
SPAN 365,6
CJ 321,6
HP 497,6
MET 386,6
MGMT 486,6
DANC 226,6
SOC 566,6
THEA 270,6
GEOG 694,6
AVIA 241,6
FILM 499,6
DANC 624,6
ART 421,6
KSP 635,6
SPED 511,6
SOC 606,6
COMM 470,6
ART 405,6
COMM 694,6
DANC 428,6
ENG 211W,6
ANTH 323,6
STAT 459,6
ENG 362,6
ENG 215,6
HP 696,5
AVIA 537,5
GEOG 699,5
RPLS 495,5
ENG 589,5
ART 378,5
HP 667,5
CIVE 446,5
CHEM 317,5
HIST 250,5
MGMT 404,5
BLAW 474,5
BLAW 497,5
SOC 600,5
SPAN 310,5
MET 323,5
GEOG 315,5
AST 125,5
ENG 469,5
GEOG 480,5
GEOG 437,5
BIOL 430,5
AGBZ 370,5
AGBZ 496,5
MACC 615,5
PHYS 150,5
PHYS 492,5
BIOL 217,5
MRKT 428,5
COMM 370,5
ART 350,5
EET 114,5
COMM 333,5
CSP 686,5
CSP 664,5
CM 497,5
SOST 200,5
POL 312,5
CSP 662,5
HLTH 667,5
HLTH 699,5
HLTH 659,5
ANTH 101,5
COMM 310,5
PSYC 795,5
COMM 697,5
KSP 605,5
PSYC 740,5
SPAN 201,5
CIS 418,5
ENG 385,5
EE 332,5
COMM 420,5
COMM 353,5
COMM 312,5
CIS 542,5
MEDT 411,5
CJ 401,5
COMM 465,5
ME 203,5
SPED 401,5
COMM 320,5
ART 220,5
FCS 101,5
GEOG 435,5
KSP 669,5
HP 175,5
MGMT 360,4
THEA 485W,4
THEA 417,4
CSP 471,4
ANTH 694,4
AIS 230W,4
FCS 584,4
FCS 620,4
CHEM 325,4
CHEM 481W,4
GEOG 674,4
ART 462,4
GEOG 673,4
GEOG 672,4
STAT 457,4
ENG 586,4
SPED 509,4
SPED 513,4
AET 364,4
GEOL 495,4
BIOL 538,4
HP 641,4
GEOG 313,4
GEOG 491,4
CHEM 111,4
CHEM 499,4
SPAN 356,4
CIVE 481,4
ENG 212W,4
BLAW 477,4
SOC 608,4
SPED 408,4
ECON 463,4
MET 455,4
HP 698,4
BLAW 452,4
MET 654,4
THEA 262,4
MATH 694,4
MATH 483,4
SPAN 401,4
FCS 376,4
SOC 490,4
CJ 202,4
DANC 120,4
POL 439,4
MATH 484,4
MUSP 698,4
THEA 103,4
PHIL 499,4
CS 306,4
ENGR 299,4
CIS 482,4
PHIL 323W,4
CIS 450,4
PHYS 447,4
POL 414,4
COMM 280,4
PHYS 493,4
CJ 334,4
HIST 615,4
HP 117,4
HIST 392,4
CIS 462,4
COMM 414,4
COMM 314,4
COMM 430,4
HIST 499,4
COMM 606,4
PSYC 676,4
HIST 430,4
HIST 490,4
NURS 687,4
FCS 275,4
URBS 502,4
URBS 662,4
SOWK 605,3
SOWK 601,3
SOC 605,3
CIVE 478W,3
HIST 402,3
HIST 443,3
MEDT 413,3
CSP 620,3
BIOL 324,3
BIOL 398,3
BIOL 619,3
BIOL 423,3
AVIA 338,3
GEOG 411,3
ENG 656,3
ENG 689,3
FILM 334W,3
FCS 538,3
FREN 101,3
FCS 478,3
ENG 624,3
ENG 487,3
FCS 484,3
PSYC 423,3
STAT 492,3
HP 649,3
GEOG 499,3
GEOG 440,3
ANTH 601,3
FILM 416,3
ART 310,3
ART 370,3
ANTH 416,3
GEOL 122,3
CHEM 100,3
HLTH 380W,3
SPAN 355,3
MBA 665,3
NURS 711,3
HP 314,3
PSYC 536,3
COMM 302,3
KSP 621,3
COMM 415,3
POL 435,3
POL 441,3
EET 223,3
MATH 180,3
EE 470,3
HIST 180W,3
COMM 326,3
HIST 452,3
COMM 545,3
COMM 525,3
ENG 436W,3
COMM 612,3
COMM 611,3
ETHN 698,3
CSP 571,3
HIST 368,3
ENGR 454,3
CM 108,3
CJ 200,3
POL 410,3
CIS 485,3
PHYS 335,3
CIS 460,3
POL 311,3
PHYS 465,3
POL 426,3
POL 433,3
POL 431,3
HIST 604,3
KSP 643,3
MSL 210,3
PHYS 473,3
POL 434,3
POL 313,3
POL 430,3
ENG 318,3
COMM 600,3
DANC 228,3
NPL 273,3
CJ 332W,3
URBS 650,3
GWS 230,3
GWS 250,3
ENGR 456,3
CJ 423,3
PHIL 460,3
ELE 440,3
ENGR 321,3
MATH 485,3
EE 241,3
ISAT 301,3
THEA 108,3
MATH 547,3
RPLS 497,3
COMM 444,3
ME 420,3
PHIL 455,3
CJ 225,3
ETHN 570,3
RPLS 465,3
MET 424,3
MET 427,3
THEA 104,3
CIS 600,3
ENG 676,3
MGMT 445,3
DHYG 438,3
AST 101,3
MET 489W,3
EDLD 747,3
THEA 381W,3
THEA 235,3
NURS 683,3
ADT 645,3
THEA 475,3
THEA 212,3
NURS 681,3
DANC 632,3
DANC 625,3
SPED 614,3
SPED 656,2
SPED 615,2
THEA 444,2
HLTH 664,2
HLTH 606,2
ART 270,2
ART 419,2
MET 428,2
MET 448,2
ECON 472,2
ECON 416,2
GEOL 201,2
MGMT 442,2
EDLD 798,2
ENG 583,2
ENG 486,2
GEOG 671,2
WLC 461,2
ENG 686,2
ENG 629,2
SPED 619,2
GER 340,2
HP 486,2
HP 464,2
HP 437,2
THEA 105,2
MATH 692,2
DANC 427,2
MET 407,2
MET 426,2
BIOL 481,2
CHEM 479,2
CHEM 460,2
ETHN 699,2
ENVR 460,2
ENVR 450,2
THEA 102,2
THEA 107,2
ART 160,2
DANC 322,2
IBUS 428,2
EE 467W,2
EE 472,2
WLC 460,2
BIOL 435,2
BIOL 436,2
SPED 333,2
SPED 409,2
BIOL 606,2
BIOL 440,2
MBA 667,2
MBA 663,2
SPAN 499,2
MUSC 600,2
MUSC 567,2
ME 436W,2
SOC 604,2
CHEM 316,2
CIVE 435,2
CIVE 432,2
CIVE 271,2
CSP 645,2
MEDT 414,2
ENG 407,2
CIS 692,2
CSP 665,2
EDLD 644,2
PSYC 720,2
COMM 620,2
ENG 461,2
ENG 381,2
CDIS 402,2
COMM 540,2
ENG 435,2
ENG 328,2
PSYC 150,2
GWS 498,2
NPL 460,2
ENG 612,2
HIST 478,2
HIST 445,2
COMM 554,2
COMM 552,2
COMM 553,2
COMM 530,2
COMM 634,2
PSYC 533,2
ENGR 459,2
SOC 697,2
COMM 410,2
COMM 474,2
ENG 655,2
COMM 445,2
COMM 340,2
COMM 497,2
COMM 412,2
COMM 434W,2
COMM 495,2
MBA 612,2
HIST 431,2
HIST 446,2
EET 141,2
EET 221,2
EE 235,2
PHIL 336W,2
CW 344,2
CSP 678,2
ENG 622,2
CJ 498,2
CJ 432,2
CJ 231,2
POL 427,2
POL 455,2
HP 103,2
CJ 232,2
KSP 687,2
CIS 514,2
HIST 602,2
PHIL 481,2
CJ 421W,2
CM 222,2
ENGR 460,2
ENGR 450,2
ENGR 475,2
ENGR 458,2
ELE 635,2
ELE 644,2
ENG 561,2
ENG 605,2
PHYS 381,2
PHYS 699,2
PHYS 694,2
CIS 444,2
SPED 405,2
FILM 493,2
FCS 514,2
ANTH 586,2
EDLD 734,2
MACC 655,2
ENVR 440,2
BIOL 421,2
URBS 401,2
URBS 668,2
URBS 604,2
URBS 110,1
DANC 684,1
SPED 514,1
SPED 548,1
SPED 670,1
MATH 110,1
THEA 308,1
THEA 303,1
THEA 411,1
DANC 333,1
ENG 577,1
ENG 665,1
FCS 688,1
ART 469,1
ART 250,1
ART 699,1
ART 375,1
ART 377,1
ART 385,1
DHYG 460,1
MGMT 482,1
ENG 403W,1
ENG 433W,1
ENG 412W,1
ECON 305,1
ECON 301,1
EDLD 677,1
EDLD 759,1
ART 380,1
POL 473,1
CJ 233,1
CJ 331,1
ENG 483,1
HIST 697,1
HIST 552,1
HIST 581,1
PHIL 477,1
PHIL 337,1
ENGR 455,1
ENGR 457,1
ENGR 341,1
ENGR 351,1
ELE 616,1
HIST 531,1
ENG 564,1
MET 507,1
POL 428,1
POL 475,1
POL 447,1
POL 474,1
PHIL 410,1
CSP 663,1
GWS 411,1
EE 699,1
EE 600,1
EE 473,1
EE 484,1
ENGR 344,1
ENGR 343,1
POL 415,1
POL 471,1
COMM 515,1
COMM 242,1
COMM 334,1
EE 344,1
EET 497,1
HIST 170W,1
HIST 438,1
HIST 486,1
HIST 414,1
HIST 481W,1
HIST 401,1
HIST 391,1
HIST 403,1
HIST 408,1
MGMT 343,1
ENG 494,1
NPL 588,1
NPL 673,1
NPL 560,1
SOC 466,1
SCAN 490,1
NURS 492,1
ENG 657,1
ENG 654,1
ENG 698,1
COMM 570,1
COMM 633,1
COMM 220,1
PSYC 291,1
COMM 325W,1
COMM 335,1
COMM 351,1
HIST 437,1
COMM 613,1
COMM 510,1
COMM 677,1
COMM 544,1
KSP 639,1
ENGR 342,1
ENGR 462,1
ENGR 463,1
ENGR 479,1
ENGR 333,1
ENGR 331,1
ENGR 452,1
ENGR 453,1
CJ 451,1
SOC 307,1
ENG 325,1
ENG 320,1
NPL 488,1
SOC 417,1
NPL 486,1
GWS 330,1
CIS 653,1
ETHN 660,1
PHIL 420,1
CJ 545,1
CJ 605,1
CJ 603,1
CJ 445,1
CJ 485,1
COMM 301,1
ENG 321,1
MEDT 412,1
ENG 463,1
HIST 415,1
CIS 651,1
ETHN 695,1
GWS 630,1
ETHN 610,1
CSP 618,1
ANTH 332,1
PSYC 705,1
SPED 661,1
CDIS 438,1
COMM 520,1
ENG 472,1
ENG 430,1
ENG 491,1
MUSC 316,1
MUSP 122,1
MUSP 378,1
ME 306,1
ME 428,1
SOC 601,1
SOC 590,1
SOC 558,1
URBS 471,1
CIVE 235,1
CIVE 401W,1
CIVE 380,1
URBS 438,1
SOC 463,1
PHYS 417,1
BIOL 475,1
ENVR 101,1
SPAN 492,1
SPAN 301,1
SPAN 350,1
SPAN 210W,1
BLAW 471,1
FINA 375,1
CS 301,1
COMM 375,1
MUSC 507,1
MUSP 697,1
MUSP 601,1
EDLD 652,1
MUSC 452,1
MUSP 184,1
MUSC 128,1
HUM 350,1
EE 363,1
ART 320,1
ART 324,1
ART 406,1
GER 201,1
WLC 463,1
GER 101,1
GER 460,1
SPED 406,1
SPED 404,1
SPED 685,1
SPAN 631,1
BIOL 605,1
BIOL 441,1
SPAN 654,1
AVIA 343,1
CHEM 497,1
CHEM 498,1
BIOL 478,1
ENVR 499,1
GEOL 450,1
ENVR 470,1
HLTH 477,1
ART 404,1
MATH 422,1
MATH 517,1
MATH 570,1
DANC 128,1
EDLD 782,1
IBUS 419,1
IBUS 469,1
GEOL 302,1
GEOG 420,1
HP 477,1
HP 605,1
EE 482,1
EDLD 672,1
EET 340,1
EE 574,1
EE 580,1
MATH 461,1
THEA 276,1
THEA 272,1
DANC 127,1
CIS 483,1
MET 523,1
HP 463,1
ENG 673,1
ENG 566,1
ENG 681,1
ENG 482,1
ENG 634,1
ETHN 677,1
FREN 202,1
WLC 280W,1
CIS 100,1
FINA 461,1
MATH 470,1
MATH 425,1
MATH 455,1
AET 468,1
GEOG 299,1
GEOG 409,1
FCS 588,1
URBS 100,1
URBS 412,1
THEA 622,1
THEA 435,1
THEA 304,1
THEA 621,1
CSP 473,1
AIS 497,1
ANTH 102,1
ENG 674,1
HLTH 466,1
HLTH 212,1
HLTH 450,1
ART 340,1
HLTH 675,1
ENG 603,1
ENG 525,1
CJ 242,1
CIS 465,1
CIS 414,1
HP 332,1
PHIL 474,1
ANTH 420,1
ANTH 677,1
FILM 210W,1
FILM 214,1
COMM 418,1
FILM 275,1
CW 446,1
FILM 217,1
FILM 342,1
